Username,Posts,Followers,Following,Name,Category,Bio,Link
intaglobal,1946,6851,262,INTA,Nonprofit organization,The association of professionals,https://inta.campsite.bio
_anujsinghal,1785,681000,248,Anuj Singhal,Digital Creator,Business anchor,https://hindi.cnbctv18.com
user_003,1969,98341,830,User 3,Gaming,Startup enthusiast,https://example.com/user_003
user_004,298,335482,2144,User 4,Fitness,Sharing daily content,https://example.com/user_004
user_005,1969,230363,704,User 5,Community,Sharing daily content,https://example.com/user_005
user_006,1992,175926,1706,User 6,Travel,Helping students,https://example.com/user_006
user_007,3202,306419,318,User 7,Entrepreneur,Helping students,https://example.com/user_007
user_008,2790,71496,2098,User 8,Travel,Helping students,https://example.com/user_008
user_009,199,49801,758,User 9,Tech,Sharing daily content,https://example.com/user_009
user_010,3269,820492,1874,User 10,Entrepreneur,Sharing daily content,https://example.com/user_010
user_011,2314,212745,1858,User 11,Artist,Travel stories,https://example.com/user_011
user_012,314,414490,1536,User 12,Community,Travel stories,https://example.com/user_012
user_013,2285,40096,502,User 13,Community,Python | AI | Life,https://example.com/user_013
user_014,1134,850482,1980,User 14,Community,Helping students,https://example.com/user_014
user_015,1520,567960,1811,User 15,Food,Food explorer,https://example.com/user_015
user_016,256,88731,1404,User 16,Blogger,Food explorer,https://example.com/user_016
user_017,2879,712258,611,User 17,Food,Coffee lover,https://example.com/user_017
user_018,172,236465,2906,User 18,Artist,Food explorer,https://example.com/user_018
user_019,2522,529433,1431,User 19,Food,Building in public,https://example.com/user_019
user_020,2734,631473,2077,User 20,Tech,Travel stories,https://example.com/user_020
user_021,2348,196459,1764,User 21,Blogger,Coffee lover,https://example.com/user_021
user_022,1970,732661,1872,User 22,Gaming,Travel stories,https://example.com/user_022
user_023,290,56904,343,User 23,Entrepreneur,Learning every day,https://example.com/user_023
user_024,2264,831296,1362,User 24,Blogger,Travel stories,https://example.com/user_024
user_025,1962,444658,813,User 25,Food,Startup enthusiast,https://example.com/user_025
user_026,1902,5617,2097,User 26,Finance,Travel stories,https://example.com/user_026
user_027,1986,548275,608,User 27,Media,Building in public,https://example.com/user_027
user_028,2736,763385,2177,User 28,Digital Creator,Learning every day,https://example.com/user_028
user_029,1012,483074,650,User 29,Entrepreneur,Python | AI | Life,https://example.com/user_029
user_030,1185,459077,770,User 30,Fitness,Coffee lover,https://example.com/user_030
user_031,1473,379971,2472,User 31,Media,Coffee lover,https://example.com/user_031
user_032,1431,416494,731,User 32,Finance,Travel stories,https://example.com/user_032
user_033,1505,876148,1732,User 33,Community,Creative mind,https://example.com/user_033
user_034,341,255283,2703,User 34,Artist,Travel stories,https://example.com/user_034
user_035,3255,7954,2576,User 35,Food,Food explorer,https://example.com/user_035
user_036,3326,306919,2059,User 36,Education,Startup enthusiast,https://example.com/user_036
user_037,2402,490915,520,User 37,Travel,Sharing daily content,https://example.com/user_037
user_038,1090,898788,1038,User 38,Community,Travel stories,https://example.com/user_038
user_039,2219,882492,1645,User 39,Community,Python | AI | Life,https://example.com/user_039
user_040,99,258743,1150,User 40,Community,Coffee lover,https://example.com/user_040
user_041,1631,194393,2251,User 41,Education,Learning every day,https://example.com/user_041
user_042,2304,756743,800,User 42,Artist,Learning every day,https://example.com/user_042
user_043,2573,672651,889,User 43,Media,Coffee lover,https://example.com/user_043
user_044,2711,789806,1568,User 44,Digital Creator,Python | AI | Life,https://example.com/user_044
user_045,2891,131541,25,User 45,Fitness,Helping students,https://example.com/user_045
user_046,1593,882461,1182,User 46,Finance,Travel stories,https://example.com/user_046
user_047,1452,860649,654,User 47,Food,Helping students,https://example.com/user_047
user_048,2249,767567,2569,User 48,Food,Startup enthusiast,https://example.com/user_048
user_049,3256,395099,488,User 49,Entrepreneur,Building in public,https://example.com/user_049
user_050,2931,750399,838,User 50,Artist,Building in public,https://example.com/user_050
user_051,3085,273655,1108,User 51,Fitness,Python | AI | Life,https://example.com/user_051
user_052,2441,176710,900,User 52,Gaming,Python | AI | Life,https://example.com/user_052
user_053,982,432899,36,User 53,Food,Helping students,https://example.com/user_053
user_054,1364,887369,2025,User 54,Community,Building in public,https://example.com/user_054
user_055,1505,682343,1410,User 55,Entrepreneur,Learning every day,https://example.com/user_055
user_056,3316,217424,2737,User 56,Community,Travel stories,https://example.com/user_056
user_057,3252,139511,101,User 57,Finance,Creative mind,https://example.com/user_057
user_058,444,23843,1873,User 58,Education,Coffee lover,https://example.com/user_058
user_059,32,878067,233,User 59,Tech,Sharing daily content,https://example.com/user_059
user_060,1528,391031,299,User 60,Entrepreneur,Learning every day,https://example.com/user_060
user_061,3061,723693,1634,User 61,Entrepreneur,Learning every day,https://example.com/user_061
user_062,464,26893,981,User 62,Digital Creator,Python | AI | Life,https://example.com/user_062
user_063,2301,814092,1661,User 63,Media,Building in public,https://example.com/user_063
user_064,3201,245703,2424,User 64,Tech,Creative mind,https://example.com/user_064
user_065,2264,427848,2768,User 65,Tech,Python | AI | Life,https://example.com/user_065
user_066,1901,172565,2104,User 66,Food,Creative mind,https://example.com/user_066
user_067,3061,307476,2329,User 67,Entrepreneur,Learning every day,https://example.com/user_067
user_068,867,154920,1014,User 68,Blogger,Building in public,https://example.com/user_068
user_069,1289,355933,297,User 69,Food,Creative mind,https://example.com/user_069
user_070,245,328280,1388,User 70,Finance,Travel stories,https://example.com/user_070
user_071,831,884110,398,User 71,Food,Startup enthusiast,https://example.com/user_071
user_072,333,830773,1354,User 72,Travel,Building in public,https://example.com/user_072
user_073,1734,440778,948,User 73,Media,Startup enthusiast,https://example.com/user_073
user_074,1024,633737,691,User 74,Tech,Sharing daily content,https://example.com/user_074
user_075,2058,222852,925,User 75,Digital Creator,Building in public,https://example.com/user_075
user_076,2299,317044,1056,User 76,Travel,Sharing daily content,https://example.com/user_076
user_077,2357,588024,1736,User 77,Education,Building in public,https://example.com/user_077
user_078,1857,227967,1678,User 78,Entrepreneur,Learning every day,https://example.com/user_078
user_079,564,323320,493,User 79,Travel,Coffee lover,https://example.com/user_079
user_080,834,306691,2003,User 80,Community,Food explorer,https://example.com/user_080
user_081,1726,346737,110,User 81,Education,Startup enthusiast,https://example.com/user_081
user_082,541,428568,732,User 82,Artist,Travel stories,https://example.com/user_082
user_083,2277,390351,26,User 83,Community,Sharing daily content,https://example.com/user_083
user_084,2342,511759,1212,User 84,Food,Food explorer,https://example.com/user_084
user_085,1495,547477,2194,User 85,Travel,Startup enthusiast,https://example.com/user_085
user_086,1311,386450,627,User 86,Tech,Helping students,https://example.com/user_086
user_087,2552,880714,1308,User 87,Food,Startup enthusiast,https://example.com/user_087
user_088,3036,130870,980,User 88,Tech,Helping students,https://example.com/user_088
user_089,3080,8961,72,User 89,Media,Python | AI | Life,https://example.com/user_089
user_090,891,866895,1570,User 90,Gaming,Startup enthusiast,https://example.com/user_090
user_091,857,810956,1344,User 91,Food,Python | AI | Life,https://example.com/user_091
user_092,2619,644726,2321,User 92,Fitness,Python | AI | Life,https://example.com/user_092
user_093,3376,725448,1058,User 93,Artist,Coffee lover,https://example.com/user_093
user_094,2900,298702,2431,User 94,Artist,Food explorer,https://example.com/user_094
user_095,2491,298619,1321,User 95,Community,Sharing daily content,https://example.com/user_095
user_096,2701,140106,504,User 96,Digital Creator,Learning every day,https://example.com/user_096
user_097,150,815015,6,User 97,Education,Building in public,https://example.com/user_097
user_098,1645,39924,1792,User 98,Artist,Travel stories,https://example.com/user_098
user_099,179,631742,2304,User 99,Community,Startup enthusiast,https://example.com/user_099
user_100,1123,678922,879,User 100,Fitness,Creative mind,https://example.com/user_100
user_101,123,757957,2744,User 101,Fitness,Sharing daily content,https://example.com/user_101
user_102,2224,205323,1689,User 102,Entrepreneur,Building in public,https://example.com/user_102
user_103,3069,506338,58,User 103,Blogger,Building in public,https://example.com/user_103
user_104,813,305975,187,User 104,Food,Creative mind,https://example.com/user_104
user_105,1137,503502,2219,User 105,Gaming,Python | AI | Life,https://example.com/user_105
user_106,2967,169367,1538,User 106,Tech,Building in public,https://example.com/user_106
user_107,718,808289,1373,User 107,Travel,Sharing daily content,https://example.com/user_107
user_108,2522,753451,1284,User 108,Tech,Learning every day,https://example.com/user_108
user_109,1061,395390,829,User 109,Fitness,Food explorer,https://example.com/user_109
user_110,1496,512395,731,User 110,Entrepreneur,Travel stories,https://example.com/user_110
user_111,1020,833890,1084,User 111,Fitness,Startup enthusiast,https://example.com/user_111
user_112,1519,402972,2083,User 112,Community,Coffee lover,https://example.com/user_112
user_113,1619,886358,2159,User 113,Tech,Coffee lover,https://example.com/user_113
user_114,3096,861431,1308,User 114,Entrepreneur,Food explorer,https://example.com/user_114
user_115,791,449782,1613,User 115,Digital Creator,Sharing daily content,https://example.com/user_115
user_116,1724,679199,1323,User 116,Finance,Creative mind,https://example.com/user_116
user_117,2032,231811,1541,User 117,Entrepreneur,Creative mind,https://example.com/user_117
user_118,206,563114,926,User 118,Gaming,Coffee lover,https://example.com/user_118
user_119,2595,256830,2632,User 119,Tech,Creative mind,https://example.com/user_119
user_120,1656,582297,1474,User 120,Food,Learning every day,https://example.com/user_120
user_121,559,723042,1000,User 121,Blogger,Startup enthusiast,https://example.com/user_121
user_122,242,206494,2136,User 122,Finance,Learning every day,https://example.com/user_122
user_123,877,770877,315,User 123,Entrepreneur,Startup enthusiast,https://example.com/user_123
user_124,962,862326,1755,User 124,Blogger,Travel stories,https://example.com/user_124
user_125,3480,227570,720,User 125,Community,Sharing daily content,https://example.com/user_125
user_126,2092,125585,1887,User 126,Entrepreneur,Travel stories,https://example.com/user_126
user_127,1999,270411,170,User 127,Education,Python | AI | Life,https://example.com/user_127
user_128,2515,526294,1089,User 128,Fitness,Food explorer,https://example.com/user_128
user_129,1331,384132,1746,User 129,Tech,Travel stories,https://example.com/user_129
user_130,1768,219831,1638,User 130,Education,Food explorer,https://example.com/user_130
user_131,2623,863723,877,User 131,Travel,Coffee lover,https://example.com/user_131
user_132,2834,106079,2474,User 132,Food,Startup enthusiast,https://example.com/user_132
user_133,2119,15499,1711,User 133,Blogger,Helping students,https://example.com/user_133
user_134,2755,527083,2355,User 134,Blogger,Creative mind,https://example.com/user_134
user_135,2916,398128,2088,User 135,Community,Sharing daily content,https://example.com/user_135
user_136,1767,894321,2801,User 136,Gaming,Travel stories,https://example.com/user_136
user_137,3128,524810,1163,User 137,Community,Startup enthusiast,https://example.com/user_137
user_138,2757,6389,2431,User 138,Finance,Coffee lover,https://example.com/user_138
user_139,597,349294,2228,User 139,Media,Sharing daily content,https://example.com/user_139
user_140,2546,507982,1826,User 140,Community,Food explorer,https://example.com/user_140
user_141,1060,360870,1418,User 141,Tech,Coffee lover,https://example.com/user_141
user_142,1262,32729,75,User 142,Blogger,Coffee lover,https://example.com/user_142
user_143,1652,240960,454,User 143,Gaming,Food explorer,https://example.com/user_143
user_144,2708,523735,1905,User 144,Media,Python | AI | Life,https://example.com/user_144
user_145,2872,328557,2619,User 145,Entrepreneur,Sharing daily content,https://example.com/user_145
user_146,1135,531182,1864,User 146,Food,Creative mind,https://example.com/user_146
user_147,3080,870353,1052,User 147,Fitness,Python | AI | Life,https://example.com/user_147
user_148,943,386725,696,User 148,Artist,Learning every day,https://example.com/user_148
user_149,927,429962,2973,User 149,Community,Startup enthusiast,https://example.com/user_149
user_150,3445,242335,2488,User 150,Entrepreneur,Travel stories,https://example.com/user_150
user_151,1909,431012,726,User 151,Media,Learning every day,https://example.com/user_151
user_152,3432,192963,2209,User 152,Gaming,Coffee lover,https://example.com/user_152
user_153,2855,792602,2560,User 153,Community,Learning every day,https://example.com/user_153
user_154,1744,659285,637,User 154,Food,Startup enthusiast,https://example.com/user_154
user_155,119,316688,1939,User 155,Food,Building in public,https://example.com/user_155
user_156,3322,246540,1131,User 156,Travel,Coffee lover,https://example.com/user_156
user_157,192,680811,2346,User 157,Gaming,Startup enthusiast,https://example.com/user_157
user_158,2835,219046,2688,User 158,Artist,Coffee lover,https://example.com/user_158
user_159,2898,825966,1754,User 159,Education,Startup enthusiast,https://example.com/user_159
user_160,3289,679732,1775,User 160,Entrepreneur,Coffee lover,https://example.com/user_160
user_161,2985,48945,1134,User 161,Community,Startup enthusiast,https://example.com/user_161
user_162,1296,747351,2791,User 162,Gaming,Travel stories,https://example.com/user_162
user_163,1003,781016,1683,User 163,Community,Building in public,https://example.com/user_163
user_164,2125,238577,1096,User 164,Community,Python | AI | Life,https://example.com/user_164
user_165,1364,422923,2953,User 165,Education,Startup enthusiast,https://example.com/user_165
user_166,3032,156664,1799,User 166,Entrepreneur,Helping students,https://example.com/user_166
user_167,52,808208,1169,User 167,Media,Startup enthusiast,https://example.com/user_167
user_168,2605,818810,2801,User 168,Fitness,Python | AI | Life,https://example.com/user_168
user_169,1090,605031,2467,User 169,Gaming,Helping students,https://example.com/user_169
user_170,660,326861,1945,User 170,Tech,Startup enthusiast,https://example.com/user_170
user_171,3433,250481,182,User 171,Community,Learning every day,https://example.com/user_171
user_172,2409,709847,1595,User 172,Tech,Python | AI | Life,https://example.com/user_172
user_173,2250,184789,2758,User 173,Food,Creative mind,https://example.com/user_173
user_174,681,721748,261,User 174,Tech,Learning every day,https://example.com/user_174
user_175,584,50176,2923,User 175,Gaming,Creative mind,https://example.com/user_175
user_176,2645,246195,2443,User 176,Food,Startup enthusiast,https://example.com/user_176
user_177,1275,579856,1151,User 177,Food,Python | AI | Life,https://example.com/user_177
user_178,1047,627055,915,User 178,Community,Python | AI | Life,https://example.com/user_178
user_179,3053,604049,304,User 179,Digital Creator,Travel stories,https://example.com/user_179
user_180,482,263134,2795,User 180,Travel,Learning every day,https://example.com/user_180
user_181,1911,423372,2843,User 181,Education,Creative mind,https://example.com/user_181
user_182,258,816777,2250,User 182,Tech,Helping students,https://example.com/user_182
user_183,2838,375569,2720,User 183,Fitness,Coffee lover,https://example.com/user_183
user_184,936,641722,601,User 184,Digital Creator,Coffee lover,https://example.com/user_184
user_185,2381,12735,28,User 185,Tech,Learning every day,https://example.com/user_185
user_186,3201,226771,1262,User 186,Tech,Food explorer,https://example.com/user_186
user_187,1170,9093,1016,User 187,Gaming,Helping students,https://example.com/user_187
user_188,1357,503079,1287,User 188,Education,Travel stories,https://example.com/user_188
user_189,2425,870388,1112,User 189,Fitness,Learning every day,https://example.com/user_189
user_190,290,642720,922,User 190,Entrepreneur,Learning every day,https://example.com/user_190
user_191,1398,406480,2557,User 191,Finance,Coffee lover,https://example.com/user_191
user_192,217,570743,873,User 192,Gaming,Creative mind,https://example.com/user_192
user_193,1719,871415,1798,User 193,Food,Coffee lover,https://example.com/user_193
user_194,454,461268,878,User 194,Artist,Coffee lover,https://example.com/user_194
user_195,461,48718,2186,User 195,Fitness,Learning every day,https://example.com/user_195
user_196,1843,620223,1593,User 196,Finance,Coffee lover,https://example.com/user_196
user_197,1633,435947,1462,User 197,Gaming,Building in public,https://example.com/user_197
user_198,1796,707553,709,User 198,Tech,Startup enthusiast,https://example.com/user_198
user_199,2066,391776,2417,User 199,Fitness,Travel stories,https://example.com/user_199
user_200,808,408067,2870,User 200,Tech,Travel stories,https://example.com/user_200
